<?xml version="1.0"?>
<assembly xmlns="http://maven.apache.org/plugins/maven-assembly-plugin/assembly/1.1.1" xmlns:xsi="http://www.w3.org/2001/XMLSchema-instance" xsi:schemaLocation="http://maven.apache.org/plugins/maven-assembly-plugin/assembly/1.1.1 http://maven.apache.org/xsd/assembly-1.1.1.xsd">
<!--
/**
 * Licensed to the Apache Software Foundation (ASF) under one
 * or more contributor license agreements.  See the NOTICE file
 * distributed with this work for additional information
 * regarding copyright ownership.  The ASF licenses this file
 * to you under the Apache License, Version 2.0 (the
 * "License"); you may not use this file except in compliance
 * with the License.  You may obtain a copy of the License at
 *
 *     http://www.apache.org/licenses/LICENSE-2.0
 *
 * Unless required by applicable law or agreed to in writing, software
 * distributed under the License is distributed on an "AS IS" BASIS,
 * WITHOUT WARRANTIES OR CONDITIONS OF ANY KIND, either express or implied.
 * See the License for the specific language governing permissions and
 * limitations under the License.
 */
-->

  <!--This 'all' id is not appended to the produced bundle because we do this: http://maven.apache.org/plugins/maven-assembly-plugin/faq.html#required-classifiers -->
  <id>bin</id>
  <formats>
    <format>tar.gz</format>
  </formats>
  <componentDescriptors>
      <componentDescriptor>src/main/assembly/components.xml</componentDescriptor>
  </componentDescriptors>
  <moduleSets>
    <moduleSet>
      <!-- Enable access to all projects in the current multimodule build. Eclipse
        says this is an error, but builds from the command line just fine. -->
      <useAllReactorProjects>true</useAllReactorProjects>
      <!-- Binaries for the dependencies also go in the hbase-jars directory -->
      <binaries>
        <outputDirectory>lib</outputDirectory>
        <unpack>false</unpack>
        <dependencySets>
          <dependencySet/>
        </dependencySets>
      </binaries>
    </moduleSet>
  </moduleSets>
</assembly>
