<?xml version="1.0" encoding="UTF-8"?>
    <!--

        Licensed to the Apache Software Foundation (ASF) under one or more
        contributor license agreements. See the NOTICE file distributed with
        this work for additional information regarding copyright ownership.
        The ASF licenses this file to You under the Apache License, Version
        2.0 (the "License"); you may not use this file except in compliance
        with the License. You may obtain a copy of the License at

        http://www.apache.org/licenses/LICENSE-2.0 Unless required by
        applicable law or agreed to in writing, software distributed under the
        License is distributed on an "AS IS" BASIS, WITHOUT WARRANTIES OR
        CONDITIONS OF ANY KIND, either express or implied. See the License for
        the specific language governing permissions and limitations under the
        License.
    -->
<archetype>
    <id>servicemix-cxf-code-first-osgi-bundle</id>
    <sources>
        <source>src/main/java/Person.java</source>
        <source>src/main/java/PersonImpl.java</source>
        <source>src/main/java/UnknownPersonFault.java</source>
        <source>src/main/java/types/GetPerson.java</source>
        <source>src/main/java/types/GetPersonResponse.java</source>
        <source>src/main/java/types/ObjectFactory.java</source>
        <source>src/main/java/types/package-info.java</source>
        <source>src/main/java/types/UnknownPersonFault.java</source>
        <source>src/main/java/client/Client.java</source>
    </sources>

    <resources>
        <resource>src/main/resources/META-INF/spring/beans.xml</resource>
    </resources>
</archetype>
