<?xml version="1.0" encoding="UTF-8"?>
<!--
 Licensed to the Apache Software Foundation (ASF) under one
 or more contributor license agreements. See the NOTICE file
 distributed with this work for additional information
 regarding copyright ownership. The ASF licenses this file
 to you under the Apache License, Version 2.0 (the
 "License"); you may not use this file except in compliance
 with the License. You may obtain a copy of the License at
 
 http://www.apache.org/licenses/LICENSE-2.0
 
 Unless required by applicable law or agreed to in writing,
 software distributed under the License is distributed on an
 "AS IS" BASIS, WITHOUT WARRANTIES OR CONDITIONS OF ANY
 KIND, either express or implied. See the License for the
 specific language governing permissions and limitations
 under the License.
-->
<beans xmlns="http://www.springframework.org/schema/beans" xmlns:xsi="http://www.w3.org/2001/XMLSchema-instance" xmlns:http="http://cxf.apache.org/transports/http/configuration" xmlns:jaxws="http://cxf.apache.org/jaxws" xmlns:cxf="http://cxf.apache.org/core" xmlns:p="http://cxf.apache.org/policy" xmlns:sec="http://cxf.apache.org/configuration/security" xsi:schemaLocation="           http://www.springframework.org/schema/beans           http://www.springframework.org/schema/beans/spring-beans.xsd           http://cxf.apache.org/jaxws                           http://cxf.apache.org/schemas/jaxws.xsd           http://cxf.apache.org/transports/http/configuration   http://cxf.apache.org/schemas/configuration/http-conf.xsd           http://cxf.apache.org/configuration/security          http://cxf.apache.org/schemas/configuration/security.xsd           http://cxf.apache.org/core http://cxf.apache.org/schemas/core.xsd           http://cxf.apache.org/policy http://cxf.apache.org/schemas/policy.xsd">
    <jaxws:endpoint createdFromAPI="true" name="{http://cxf.apache.org/cxf/performance}SoapHttpDocLitPort">
        <jaxws:properties>
            <entry key="ws-security.callback-handler.sct" value="org.apache.cxf.performance.complex_type.common.KeystorePasswordCallback"/>
            <entry key="ws-security.encryption.properties.sct" value="etc/serviceKeystore.properties"/>
        </jaxws:properties>
    </jaxws:endpoint>
    <jaxws:client name="{http://cxf.apache.org/cxf/performance}SoapHttpDocLitPort" createdFromAPI="true">
        <jaxws:properties>
            <entry key="ws-security.callback-handler.sct" value="org.apache.cxf.performance.complex_type.common.KeystorePasswordCallback"/>
            <entry key="ws-security.encryption.properties.sct" value="etc/serviceKeystore.properties"/>
        </jaxws:properties>
    </jaxws:client>
</beans>
