<?xml version="1.0" encoding="UTF-8"?>
<!--

    Licensed to the Apache Software Foundation (ASF) under one or more
    contributor license agreements.  See the NOTICE file distributed with
    this work for additional information regarding copyright ownership.
    The ASF licenses this file to You under the Apache License, Version 2.0
    (the "License"); you may not use this file except in compliance with
    the License.  You may obtain a copy of the License at

       http://www.apache.org/licenses/LICENSE-2.0

    Unless required by applicable law or agreed to in writing, software
    distributed under the License is distributed on an "AS IS" BASIS,
    WITHOUT WARRANTIES OR CONDITIONS OF ANY KIND, either express or implied.
    See the License for the specific language governing permissions and
    limitations under the License.

-->
<blueprint
        xmlns="http://www.osgi.org/xmlns/blueprint/v1.0.0"
        xmlns:xsi="http://www.w3.org/2001/XMLSchema-instance"
        xsi:schemaLocation="
        http://www.osgi.org/xmlns/blueprint/v1.0.0 http://www.osgi.org/xmlns/blueprint/v1.0.0/blueprint.xsd
        http://www.osgi.org/xmlns/blueprint/v1.0.0 http://www.osgi.org/xmlns/blueprint/v1.0.0/blueprint.xsd">

    <bean id="serviceHandler" class="org.apache.servicemix.examples.camel.soap.ServiceHandler" init-method="init" />


    <camelContext xmlns="http://camel.apache.org/schema/blueprint" >
        <route id="getPerson">
            <from uri="direct-vm:getPerson" />
            <log message="getPerson invocation with id: ${body}"/>
            <bean method="getPerson" ref="serviceHandler"/>
        </route>
        <route id="putPerson" trace="true">
            <from uri="direct-vm:putPerson" />
            <!-- The message body gets passed as a org.apache.cxf.message.MessageContentsList.
             We should take the first element of this list to log our person. -->
            <log message="putPerson invocation with body: ${body[0]}"/>
            <bean method="putPerson" ref="serviceHandler"/>
        </route>
        <route id="deletePerson">
            <from uri="direct-vm:deletePerson" />
            <log message="deletePerson invocation with id: ${body}"/>
            <bean method="deletePerson" ref="serviceHandler"/>
        </route>
    </camelContext>

</blueprint>
